model,family,year,encoder,bottleneck,decoder,compression,latent_channels_or_tokens,causal,dit_role,evidence_status,evidence_anchor,notes
VAE,image continuous latent,2014,amortized inference network predicts mean and variance,Gaussian latent with reparameterization,likelihood/generative network,task-dependent; no fixed modern f8 contract,task-dependent,no,the probabilistic foundation of continuous latent autoencoders,primary-source-indexed,source_manifest key=vae,Foundational theory; local complete PDF download remains pending.
VQ-VAE,image discrete tokenizer,2017,convolutional encoder,nearest-neighbor vector quantization with learned codebook,convolutional decoder,configuration-dependent,discrete code indices,no,foundation for discrete image/video tokenizers and autoregressive generation,primary-source-indexed,source_manifest key=vqvae,PDF download pending; indexed from the primary paper metadata.
VQGAN,image discrete tokenizer,2021,convolutional encoder with residual and attention blocks,vector-quantized 2D grid,convolutional decoder trained for perceptual realism,typically f16 in the paper's high-resolution tokenizer settings,2D code grid,no,established perceptual-adversarial tokenizer training,paper-verified,vqgan PDF p3 Fig.2; p8 Table 5,Useful baseline for modern tokenizer loss design.
LDM / SD-VAE,image continuous KL autoencoder,2022,2D convolutional ResNet encoder,regularized continuous latent,2D convolutional ResNet decoder,f4-f32 studied; f8 became the common production point,commonly 4 channels at f8,no,moves diffusion from pixels to a frozen compressed latent space,paper-verified+code-verified,ldm PDF p2 Sec.3; source_code/ldm/autoencoder.py,Separates autoencoder pretraining from latent diffusion training.
DiT latent interface,frozen image VAE plus transformer,2023,pretrained frozen Stable Diffusion VAE encoder,latent grid patchified into transformer tokens,pretrained frozen Stable Diffusion VAE decoder,f8 VAE; DiT adds latent patch size p,4-channel latent in original DiT setup,no,canonical frozen-VAE DiT training pattern,paper-verified+code-verified,"dit PDF p3 Fig.3, p4 Fig.4, p13 Table 5; source_code/dit/models.py","The VAE is an interface and quality ceiling, not jointly trained with DiT."
SD3 VAE,image continuous KL autoencoder,2024,2D ResNet encoder with mid attention,continuous latent normalized by shift/scale,mirrored 2D ResNet decoder,f8,16 channels,no,higher-capacity latent for MM-DiT and rectified flow,paper-verified+code-verified,"sd3 PDF p7 Table 3, App.B.2; source_code/sd3/sd3_impls.py:97-107,247-310","The paper reports architecture selection, not the complete VAE training recipe."
FLUX.1 AE,image continuous autoencoder,2024,2D ResNet encoder with mid attention,16-channel latent with shift/scale normalization,mirrored 2D ResNet decoder,f8 inferred from four resolution levels,16 channels,no,pixel-latent interface for FLUX flow transformer,code-verified,source_code/flux/modules/autoencoder.py; source_code/flux/util.py:539-548,Public code exposes architecture/config; complete AE training data and loss recipe are undisclosed.
TiTok,image discrete 1D tokenizer,2024,ViT encoder consumes image patches and K learnable latent tokens,K vector-quantized 1D tokens,ViT decoder reconstructs image from quantized tokens and mask tokens,32-256 tokens; 32-token flagship at 256px,K tokens; codebook 4096 in final setting,no,shows token count can be decoupled from a fixed 2D grid,paper-verified,"ar5iv_2406.07550 lines 106-180,189-223; Fig.3","Primarily paired with MaskGIT, but materially informs DiT token-budget design."
DC-AE,image continuous high-compression autoencoder,2025,residual autoencoding with space-to-channel shortcut,continuous latent at f32/f64/f128,channel-to-space mirrored reconstruction path,up to f128; f64 emphasized for DiT acceleration,configuration-dependent continuous latent,no,moves token compression from DiT patchify into the autoencoder,paper-verified,ar5iv_2410.10733 lines 46-82; Fig.10,"High compression requires optimization and high-resolution adaptation, not merely deeper downsampling."
MAGVIT,video discrete tokenizer,2023,3D VQ encoder,discrete video tokens,3D VQ decoder,architecture/configuration-dependent,3D discrete token grid,task-aware; not the same streaming contract as Wan,unified image/video tokenization and masked token generation baseline,paper-verified,"magvit PDF p3 Fig.2, p8 Table 7",A key ancestor for later causal video tokenizers.
MAGVIT-v2,video/image discrete tokenizer,2024,temporally causal convolutional encoder,lookup-free quantization (LFQ),temporally causal decoder,configuration-dependent,binary-factorized discrete codes,yes,strong causal tokenizer design reused by later video systems,paper-verified,ar5iv_2310.05737 Fig.7 and tokenizer sections,"Discrete tokenizer; mainly autoregressive use, but architecture is widely inherited."
CogVideoX 3D VAE,video continuous causal VAE,2025,temporally causal 3D convolutional encoder,regularized continuous video latent,temporally causal 3D convolutional decoder,T x H x W = 4 x 8 x 8,paper studies 4/8/16/32 channels; release config must be checked per checkpoint,yes,production-scale causal video VAE with context parallelism,paper-verified+code-verified,ar5iv_2408.06072 Fig.4; source_code/cogvideox/.../cp_enc_dec.py:743-998,Do not assume one latent-channel count across all released variants.
Open-Sora 1.2 VAE,hybrid image plus video autoencoder,2025,frozen SDXL 2D VAE followed by MAGVIT-v2-style 3D VAE,continuous video latent aligned through staged training,3D temporal reconstruction followed by 2D VAE pixel decoder,T x H x W = 4 x 8 x 8,not fully specified in report,yes,practical bootstrapping of video compression from a pretrained image VAE,paper-verified,ar5iv_2412.20404 lines 56-66 and 166-180; Fig.5,A clear example of staged feature reconstruction before direct RGB video reconstruction.
WF-VAE,video continuous causal VAE,2025,3D causal backbone plus multi-level wavelet energy-flow path,continuous video latent enriched with low-frequency energy,mirrored backbone plus wavelet outflow and causal cache,model variants evaluated at common video VAE ratios,configuration-dependent,yes,improves reconstruction and block-wise decoding consistency,paper-verified,"wfvae PDF p3 Fig.2, p4 Fig.3, p7-8 ablations",Wavelet loss weight 0.1 and L1 outperform L2 in reported ablation.
VidTok,video continuous or discrete tokenizer,2025,open modular spatiotemporal encoder,continuous KL or discrete FSQ alternatives,decoder supports high-resolution-only fine-tuning,multiple settings under a unified benchmark,configuration-dependent,variant-dependent,"controlled study of architecture, quantization and training choices",paper-verified,"ar5iv_2412.13061 lines 40-60; Fig.2, Fig.4, Fig.6",Two-stage low-resolution pretraining then high-resolution decoder fine-tuning.
LTX-Video VAE,video continuous causal denoising VAE,2025,causal 3D encoder with patchification moved into VAE,"high-dimensional latent, first frame encoded separately",timestep-conditioned denoising decoder with multi-layer noise injection,T x H x W = 8 x 32 x 32; pixel-to-latent ratio 1:192,high-dimensional continuous latent,yes,jointly optimizes tokenizer and final denoising behavior for real-time DiT,paper-verified,"ar5iv_2501.00103 lines 184-242; Fig.2, Fig.4",Decoder is more than inverse compression: it performs the final latent-to-pixel denoising step.
Cosmos Tokenizer,video continuous and discrete causal tokenizers,2025,"3D Haar wavelet, causal residual/downsampling, spatiotemporal attention",continuous KL-like or discrete FSQ-style variants,mirrored causal architecture; optional diffusion decoder for discrete tokens,continuous 4/8 x 8 x 8; discrete 8 x 16 x 16 variants,variant-dependent,yes; first frame separately preserved,unified image/video tokenizer at world-model scale,paper-verified,"ar5iv_2501.03575 tokenizer section; Fig. network architecture, Fig.11, Fig.15",Explicitly supports both continuous diffusion and discrete autoregressive modeling.
Wan VAE / WanDecoder,video continuous causal VAE,2025,causal 3D ResNet with feature cache and temporal/spatial downsampling,16-channel Gaussian latent,full causal 3D VAE decoder with mirrored temporal/spatial upsampling,T x H x W = 4 x 8 x 8,16 channels,yes,base latent interface and original high-cost decoder in FlashVSR,paper-verified+code-verified,ar5iv_2503.20314 Fig.5-8; source_code/wan/wan/modules/vae.py:492-644,"FlashVSR's WanDecoder means this full path, not TCDecoder."
FlashVSR LQ_proj_in,restoration condition projector,2026,LR RGB is pixel-unshuffled/projected by causal 3D convolutions,feature tensor aligned to the Wan DiT latent input space,not applicable,spatial rearrangement plus temporal causal projection,inference model-specific,yes in streaming stages,injects LQ evidence without running the VAE encoder,paper-verified+code-verified,flashvsr PDF p4 Fig.2/Sec.3.2; source_code/flashvsr/utils.py:54-95,This is not a complete encoder and should not be compared as one.
FlashVSR TCDecoder,restoration decoder-only adapter,2026,none; consumes predicted latent plus LR conditional path,Wan latent and LR pixel-shuffle features,small causal decoder with 3D pixel shuffle and LR conditioning,"inverts Wan 4 x 8 x 8 scale using PixelShuffle3d(4,8,8)",latent channels follow Wan; output RGB,yes,replaces the expensive full Wan decoder at inference,paper-verified+code-verified,flashvsr PDF p5 Fig.4/Sec.3.4; source_code/flashvsr/TCDecoder.py:73-213,"Decoder-only, trained separately with GT and Wan-decoder distillation targets."
